item,game,store_page,kind,label,definition,your_verdict,note
R0001,MONOPOLY GO!,https://play.google.com/store/apps/details?id=com.scopely.monopolygo,attribute,Present-day setting,"A contemporary, present-day world.",,
R0002,MONOPOLY GO!,https://play.google.com/store/apps/details?id=com.scopely.monopolygo,attribute,Online multiplayer,Players can play together over the internet.,,
R0003,MONOPOLY GO!,https://play.google.com/store/apps/details?id=com.scopely.monopolygo,attribute,Guilds or clans,Players can form persistent groups with shared goals or rewards.,,
R0004,MONOPOLY GO!,https://play.google.com/store/apps/details?id=com.scopely.monopolygo,attribute,Strategy gameplay,"Planning, positioning, resource allocation or tactical decisions are a substantial part of play.",,
R0005,MONOPOLY GO!,https://play.google.com/store/apps/details?id=com.scopely.monopolygo,attribute,Daily rewards or quests,Incentives for logging in or playing every day.,,
R0006,MONOPOLY GO!,https://play.google.com/store/apps/details?id=com.scopely.monopolygo,attribute,Single-player mode,The game can be played by one person alone.,,
R0007,MONOPOLY GO!,https://play.google.com/store/apps/details?id=com.scopely.monopolygo,attribute,Gacha or loot boxes,"Randomised reward draws such as gacha pulls or loot boxes, often purchasable.",,
R0008,MONOPOLY GO!,https://play.google.com/store/apps/details?id=com.scopely.monopolygo,attribute,3D graphics,Gameplay is rendered primarily with three-dimensional graphics.,,
R0009,MONOPOLY GO!,https://play.google.com/store/apps/details?id=com.scopely.monopolygo,attribute,Inventory system,"The player manages a persistent collection of carried items, equipment, resources, or consumables through an inventory or comparable item-management system.",,
R0010,MONOPOLY GO!,https://play.google.com/store/apps/details?id=com.scopely.monopolygo,attribute,Subscription,A recurring payment is required for access or core benefits.,,
R0011,MONOPOLY GO!,https://play.google.com/store/apps/details?id=com.scopely.monopolygo,attribute,Casual-friendly,Easy to pick up and suited to short or relaxed play sessions.,,
R0012,MONOPOLY GO!,https://play.google.com/store/apps/details?id=com.scopely.monopolygo,attribute,Minimal or no story,The game has little or no authored plot; play is not organised around a story.,,
R0013,MONOPOLY GO!,https://play.google.com/store/apps/details?id=com.scopely.monopolygo,attribute,Loot drops,"Defeated enemies, chests or activities reward items or equipment of varying value.",,
R0014,MONOPOLY GO!,https://play.google.com/store/apps/details?id=com.scopely.monopolygo,primary genre,Board Game,A shared board or tabletop-style state and discrete rules structure play.,,
R0015,MONOPOLY GO!,https://play.google.com/store/apps/details?id=com.scopely.monopolygo,attribute,Player-created protagonist,"The player creates their own protagonist, choosing appearance or attributes.",,
R0016,MONOPOLY GO!,https://play.google.com/store/apps/details?id=com.scopely.monopolygo,attribute,Cartoon style,Western animation-inspired style with exaggerated features.,,
R0017,Mystery Town: Merge Games,https://play.google.com/store/apps/details?id=com.cedargames.mysterytown,attribute,Puzzle-solving gameplay,"Logic, pattern, spatial or physics problems the player must work out are a substantial part of play.",,
R0018,Mystery Town: Merge Games,https://play.google.com/store/apps/details?id=com.cedargames.mysterytown,primary genre,Merge,Combining matching items into higher-tier items is the principal progression loop.,,
R0019,Mystery Town: Merge Games,https://play.google.com/store/apps/details?id=com.cedargames.mysterytown,primary genre,Match-3,Creating runs or groups of matching pieces through constrained board moves is the main loop.,,
R0020,Mystery Town: Merge Games,https://play.google.com/store/apps/details?id=com.cedargames.mysterytown,attribute,Fantasy setting,"Magic, mythical creatures or supernatural worldbuilding define the world.",,
R0021,Mystery Town: Merge Games,https://play.google.com/store/apps/details?id=com.cedargames.mysterytown,attribute,Predefined protagonist,A fixed protagonist with an established identity and backstory.,,
R0022,Mystery Town: Merge Games,https://play.google.com/store/apps/details?id=com.cedargames.mysterytown,attribute,Mystery,"Investigation, secrets and revelations drive the experience.",,
R0023,Mystery Town: Merge Games,https://play.google.com/store/apps/details?id=com.cedargames.mysterytown,attribute,Family friendly,Suitable for children and family play.,,
R0024,Mystery Town: Merge Games,https://play.google.com/store/apps/details?id=com.cedargames.mysterytown,attribute,Live events,"Limited-time events, seasons or rotating content with exclusive rewards.",,
R0025,Mystery Town: Merge Games,https://play.google.com/store/apps/details?id=com.cedargames.mysterytown,attribute,Cozy and relaxing,"A low-stress, comforting experience built around relaxation rather than tension.",,
R0026,Mystery Town: Merge Games,https://play.google.com/store/apps/details?id=com.cedargames.mysterytown,attribute,Building and construction,"The player constructs structures, bases, rooms or environments.",,
R0027,Mystery Town: Merge Games,https://play.google.com/store/apps/details?id=com.cedargames.mysterytown,attribute,Cooking,The player prepares food or recipes from ingredients.,,
R0028,Mystery Town: Merge Games,https://play.google.com/store/apps/details?id=com.cedargames.mysterytown,attribute,Hand-drawn art,"Illustration-style graphics with visible brush, pen or painted qualities.",,
R0029,Mystery Town: Merge Games,https://play.google.com/store/apps/details?id=com.cedargames.mysterytown,attribute,Present-day setting,"A contemporary, present-day world.",,
R0030,Mystery Town: Merge Games,https://play.google.com/store/apps/details?id=com.cedargames.mysterytown,attribute,Cel-shaded,Flat shading with bold outlines giving a cartoon or comic-book look.,,
R0031,Mystery Town: Merge Games,https://play.google.com/store/apps/details?id=com.cedargames.mysterytown,attribute,Female protagonist,A female lead character is the main or default protagonist.,,
R0032,Mystery Town: Merge Games,https://play.google.com/store/apps/details?id=com.cedargames.mysterytown,attribute,Upgrade system,"The player improves weapons, abilities, vehicles, buildings or equipment over time.",,
R0033,Mystery Town: Merge Games,https://play.google.com/store/apps/details?id=com.cedargames.mysterytown,attribute,Daily rewards or quests,Incentives for logging in or playing every day.,,
R0034,Yarn Loop,https://play.google.com/store/apps/details?id=com.combo.yarnflow,attribute,In-game purchases,"Players can spend real money inside the game on currency, items or content.",,
R0035,Yarn Loop,https://play.google.com/store/apps/details?id=com.combo.yarnflow,primary genre,Puzzle,Repeated reasoning challenges define play without a more specific supported puzzle form.,,
R0036,Yarn Loop,https://play.google.com/store/apps/details?id=com.combo.yarnflow,attribute,Pixel art,Visual presentation intentionally constructed from discrete pixel-based sprites or pixel-grid artwork as a defining gameplay rendering style.,,
R0037,Yarn Loop,https://play.google.com/store/apps/details?id=com.combo.yarnflow,attribute,Crafting,"The player can intentionally create items, equipment, consumables, structures, or upgrades by combining or transforming resources/components through a game system.",,
R0038,Yarn Loop,https://play.google.com/store/apps/details?id=com.combo.yarnflow,attribute,Free to play,The game can be downloaded and played without an upfront purchase.,,
R0039,Yarn Loop,https://play.google.com/store/apps/details?id=com.combo.yarnflow,attribute,Inventory system,"The player manages a persistent collection of carried items, equipment, resources, or consumables through an inventory or comparable item-management system.",,
R0040,Yarn Loop,https://play.google.com/store/apps/details?id=com.combo.yarnflow,attribute,Touch controls,The game is designed to be played with touch input.,,
R0041,Yarn Loop,https://play.google.com/store/apps/details?id=com.combo.yarnflow,attribute,Strategy gameplay,"Planning, positioning, resource allocation or tactical decisions are a substantial part of play.",,
R0042,Yarn Loop,https://play.google.com/store/apps/details?id=com.combo.yarnflow,attribute,Minimalist style,"Simplified, clean visuals with few elements and flat shapes.",,
R0043,Yarn Loop,https://play.google.com/store/apps/details?id=com.combo.yarnflow,attribute,Puzzle-solving gameplay,"Logic, pattern, spatial or physics problems the player must work out are a substantial part of play.",,
R0044,Yarn Loop,https://play.google.com/store/apps/details?id=com.combo.yarnflow,attribute,Whimsical or lighthearted,"A playful, charming or lighthearted atmosphere dominates.",,
R0045,Yarn Loop,https://play.google.com/store/apps/details?id=com.combo.yarnflow,attribute,Stylized visual presentation,"Gameplay visuals intentionally depart from photorealism through exaggerated shape language, color, proportion, materials, or illustration-like rendering.",,
R0046,Yarn Loop,https://play.google.com/store/apps/details?id=com.combo.yarnflow,attribute,Linear levels or stages,"Progression runs mainly through discrete, largely linear levels, stages or missions.",,
R0047,Yarn Loop,https://play.google.com/store/apps/details?id=com.combo.yarnflow,attribute,Casual-friendly,Easy to pick up and suited to short or relaxed play sessions.,,
R0048,Yarn Loop,https://play.google.com/store/apps/details?id=com.combo.yarnflow,attribute,Vibrant colours,"A saturated, colourful palette dominates.",,
R0049,Yarn Loop,https://play.google.com/store/apps/details?id=com.combo.yarnflow,attribute,2D graphics,Gameplay is rendered primarily with two-dimensional graphics.,,
R0050,All in Hole: Black Hole Games,https://play.google.com/store/apps/details?id=com.homagames.studio.allinhole,attribute,Ad-supported,"The game shows advertisements, including optional rewarded ads.",,
R0051,All in Hole: Black Hole Games,https://play.google.com/store/apps/details?id=com.homagames.studio.allinhole,attribute,Cartoon style,Western animation-inspired style with exaggerated features.,,
R0052,All in Hole: Black Hole Games,https://play.google.com/store/apps/details?id=com.homagames.studio.allinhole,attribute,Offline play,The game can be played without an internet connection.,,
R0053,All in Hole: Black Hole Games,https://play.google.com/store/apps/details?id=com.homagames.studio.allinhole,attribute,Leaderboards,Scores or results are ranked against other players.,,
R0054,All in Hole: Black Hole Games,https://play.google.com/store/apps/details?id=com.homagames.studio.allinhole,primary genre,Physics Puzzle,Reasoning about simulated physical interactions solves discrete challenges.,,
R0055,All in Hole: Black Hole Games,https://play.google.com/store/apps/details?id=com.homagames.studio.allinhole,primary genre,Arcade,,,
R0056,All in Hole: Black Hole Games,https://play.google.com/store/apps/details?id=com.homagames.studio.allinhole,attribute,Live events,"Limited-time events, seasons or rotating content with exclusive rewards.",,
R0057,All in Hole: Black Hole Games,https://play.google.com/store/apps/details?id=com.homagames.studio.allinhole,attribute,Daily rewards or quests,Incentives for logging in or playing every day.,,
R0058,All in Hole: Black Hole Games,https://play.google.com/store/apps/details?id=com.homagames.studio.allinhole,attribute,2D graphics,Gameplay is rendered primarily with two-dimensional graphics.,,
R0059,All in Hole: Black Hole Games,https://play.google.com/store/apps/details?id=com.homagames.studio.allinhole,attribute,Collecting,"Gathering and cataloguing sets of items, creatures, cards or collectibles is a meaningful goal.",,
R0060,All in Hole: Black Hole Games,https://play.google.com/store/apps/details?id=com.homagames.studio.allinhole,attribute,Ranked or competitive play,"Skill-based ranked modes, ladders or competitive matchmaking.",,
R0061,All in Hole: Black Hole Games,https://play.google.com/store/apps/details?id=com.homagames.studio.allinhole,primary genre,Puzzle,,,
R0062,All in Hole: Black Hole Games,https://play.google.com/store/apps/details?id=com.homagames.studio.allinhole,attribute,Present-day setting,"A contemporary, present-day world.",,
R0063,All in Hole: Black Hole Games,https://play.google.com/store/apps/details?id=com.homagames.studio.allinhole,attribute,Non-human protagonist,"The main playable character is an animal, robot, creature or other non-human.",,
R0064,All in Hole: Black Hole Games,https://play.google.com/store/apps/details?id=com.homagames.studio.allinhole,attribute,Top-down perspective,Gameplay is primarily viewed from directly or steeply overhead.,,
R0065,All in Hole: Black Hole Games,https://play.google.com/store/apps/details?id=com.homagames.studio.allinhole,attribute,Vibrant colours,"A saturated, colourful palette dominates.",,
R0066,All in Hole: Black Hole Games,https://play.google.com/store/apps/details?id=com.homagames.studio.allinhole,attribute,Upgrade system,"The player improves weapons, abilities, vehicles, buildings or equipment over time.",,
R0067,All in Hole: Black Hole Games,https://play.google.com/store/apps/details?id=com.homagames.studio.allinhole,attribute,Whimsical or lighthearted,"A playful, charming or lighthearted atmosphere dominates.",,
R0068,Quick Hit Casino Slots Games,https://play.google.com/store/apps/details?id=com.ballytechnologies.quickhitslots,attribute,Family friendly,Suitable for children and family play.,,
R0069,Quick Hit Casino Slots Games,https://play.google.com/store/apps/details?id=com.ballytechnologies.quickhitslots,attribute,Whimsical or lighthearted,"A playful, charming or lighthearted atmosphere dominates.",,
R0070,Quick Hit Casino Slots Games,https://play.google.com/store/apps/details?id=com.ballytechnologies.quickhitslots,attribute,Live events,"Limited-time events, seasons or rotating content with exclusive rewards.",,
R0071,Quick Hit Casino Slots Games,https://play.google.com/store/apps/details?id=com.ballytechnologies.quickhitslots,attribute,Auto-play or idle progress,The game can progress automatically or while the player is away.,,
R0072,Quick Hit Casino Slots Games,https://play.google.com/store/apps/details?id=com.ballytechnologies.quickhitslots,attribute,Science-fiction setting,"Futuristic technology, space travel or speculative science define the world.",,
R0073,Quick Hit Casino Slots Games,https://play.google.com/store/apps/details?id=com.ballytechnologies.quickhitslots,attribute,2D graphics,Gameplay is rendered primarily with two-dimensional graphics.,,
R0074,Quick Hit Casino Slots Games,https://play.google.com/store/apps/details?id=com.ballytechnologies.quickhitslots,attribute,Cozy and relaxing,"A low-stress, comforting experience built around relaxation rather than tension.",,
R0075,Quick Hit Casino Slots Games,https://play.google.com/store/apps/details?id=com.ballytechnologies.quickhitslots,attribute,Cartoon style,Western animation-inspired style with exaggerated features.,,
R0076,Quick Hit Casino Slots Games,https://play.google.com/store/apps/details?id=com.ballytechnologies.quickhitslots,attribute,Vibrant colours,"A saturated, colourful palette dominates.",,
R0077,Quick Hit Casino Slots Games,https://play.google.com/store/apps/details?id=com.ballytechnologies.quickhitslots,primary genre,Arcade,,,
R0078,Quick Hit Casino Slots Games,https://play.google.com/store/apps/details?id=com.ballytechnologies.quickhitslots,attribute,Touch controls,The game is designed to be played with touch input.,,
R0079,Quick Hit Casino Slots Games,https://play.google.com/store/apps/details?id=com.ballytechnologies.quickhitslots,attribute,Casual-friendly,Easy to pick up and suited to short or relaxed play sessions.,,
R0080,Quick Hit Casino Slots Games,https://play.google.com/store/apps/details?id=com.ballytechnologies.quickhitslots,attribute,Procedural generation,"Meaningful game content such as levels, maps, encounters, worlds, or layouts is algorithmically generated or regenerated rather than entirely authored as a fixed layout.",,
R0081,Quick Hit Casino Slots Games,https://play.google.com/store/apps/details?id=com.ballytechnologies.quickhitslots,attribute,Minimal or no story,The game has little or no authored plot; play is not organised around a story.,,
R0082,Quick Hit Casino Slots Games,https://play.google.com/store/apps/details?id=com.ballytechnologies.quickhitslots,attribute,Stylized visual presentation,"Gameplay visuals intentionally depart from photorealism through exaggerated shape language, color, proportion, materials, or illustration-like rendering.",,
R0083,Quick Hit Casino Slots Games,https://play.google.com/store/apps/details?id=com.ballytechnologies.quickhitslots,attribute,Present-day setting,"A contemporary, present-day world.",,
R0084,Royal Kingdom,https://play.google.com/store/apps/details?id=com.dreamgames.royalkingdom,attribute,Daily rewards or quests,Incentives for logging in or playing every day.,,
R0085,Royal Kingdom,https://play.google.com/store/apps/details?id=com.dreamgames.royalkingdom,attribute,Story-driven,"Plot, characters, authored narrative progression, or story delivery is a central organizing element of the player experience rather than merely incidental framing.",,
R0086,Royal Kingdom,https://play.google.com/store/apps/details?id=com.dreamgames.royalkingdom,attribute,Leaderboards,Scores or results are ranked against other players.,,
R0087,Royal Kingdom,https://play.google.com/store/apps/details?id=com.dreamgames.royalkingdom,attribute,Management gameplay,"Running a business, settlement, team, farm or organisation through planning and optimisation is a substantial part of play.",,
R0088,Royal Kingdom,https://play.google.com/store/apps/details?id=com.dreamgames.royalkingdom,attribute,Free to play,The game can be downloaded and played without an upfront purchase.,,
R0089,Royal Kingdom,https://play.google.com/store/apps/details?id=com.dreamgames.royalkingdom,attribute,Live events,"Limited-time events, seasons or rotating content with exclusive rewards.",,
R0090,Royal Kingdom,https://play.google.com/store/apps/details?id=com.dreamgames.royalkingdom,attribute,Energy or stamina timers,A regenerating meta-resource limits how much the player can play before waiting or paying.,,
R0091,Royal Kingdom,https://play.google.com/store/apps/details?id=com.dreamgames.royalkingdom,attribute,Puzzle-solving gameplay,"Logic, pattern, spatial or physics problems the player must work out are a substantial part of play.",,
R0092,Royal Kingdom,https://play.google.com/store/apps/details?id=com.dreamgames.royalkingdom,attribute,Multiple playable characters,"Several distinct characters can be played, by switching or across the story.",,
R0093,Royal Kingdom,https://play.google.com/store/apps/details?id=com.dreamgames.royalkingdom,attribute,2D graphics,Gameplay is rendered primarily with two-dimensional graphics.,,
R0094,Royal Kingdom,https://play.google.com/store/apps/details?id=com.dreamgames.royalkingdom,attribute,Vibrant colours,"A saturated, colourful palette dominates.",,
R0095,Royal Kingdom,https://play.google.com/store/apps/details?id=com.dreamgames.royalkingdom,attribute,Exploration gameplay,Discovering and traversing unknown places is a primary motivation of play.,,
R0096,Royal Kingdom,https://play.google.com/store/apps/details?id=com.dreamgames.royalkingdom,attribute,Politics and power,"Political struggle, rule or the pursuit of power is a central theme.",,
R0097,Royal Kingdom,https://play.google.com/store/apps/details?id=com.dreamgames.royalkingdom,primary genre,Match-3,Creating runs or groups of matching pieces through constrained board moves is the main loop.,,
R0098,Royal Kingdom,https://play.google.com/store/apps/details?id=com.dreamgames.royalkingdom,attribute,Fantasy setting,"Magic, mythical creatures or supernatural worldbuilding define the world.",,
R0099,Royal Kingdom,https://play.google.com/store/apps/details?id=com.dreamgames.royalkingdom,attribute,Experience and levels,The player character or units gain experience points and levels that increase capability.,,
R0100,Dark War Survival,https://play.google.com/store/apps/details?id=com.readygo.dark.gp,attribute,Third-person gameplay perspective,"The primary gameplay camera shows the controlled character from an external camera, commonly behind, above, or around the character.",,
R0101,Dark War Survival,https://play.google.com/store/apps/details?id=com.readygo.dark.gp,attribute,Management gameplay,"Running a business, settlement, team, farm or organisation through planning and optimisation is a substantial part of play.",,
R0102,Dark War Survival,https://play.google.com/store/apps/details?id=com.readygo.dark.gp,attribute,Wilderness,"Much of the game takes place in untamed nature such as forests, mountains or islands.",,
R0103,Dark War Survival,https://play.google.com/store/apps/details?id=com.readygo.dark.gp,primary genre,Colony Sim,"Managing a small population's needs, tasks, and survival in a persistent settlement defines play.",,
R0104,Dark War Survival,https://play.google.com/store/apps/details?id=com.readygo.dark.gp,attribute,Gacha or loot boxes,"Randomised reward draws such as gacha pulls or loot boxes, often purchasable.",,
R0105,Dark War Survival,https://play.google.com/store/apps/details?id=com.readygo.dark.gp,attribute,2D graphics,Gameplay is rendered primarily with two-dimensional graphics.,,
R0106,Dark War Survival,https://play.google.com/store/apps/details?id=com.readygo.dark.gp,attribute,In-game purchases,"Players can spend real money inside the game on currency, items or content.",,
R0107,Dark War Survival,https://play.google.com/store/apps/details?id=com.readygo.dark.gp,primary genre,Survival,Maintaining existence against environmental or resource pressures is the main progression loop.,,
R0108,Dark War Survival,https://play.google.com/store/apps/details?id=com.readygo.dark.gp,attribute,Building and construction,"The player constructs structures, bases, rooms or environments.",,
R0109,Dark War Survival,https://play.google.com/store/apps/details?id=com.readygo.dark.gp,attribute,Equipment and loadouts,"Gear, weapons or loadouts the player equips change stats or play style.",,
R0110,Dark War Survival,https://play.google.com/store/apps/details?id=com.readygo.dark.gp,attribute,Energy or stamina timers,A regenerating meta-resource limits how much the player can play before waiting or paying.,,
R0111,Dark War Survival,https://play.google.com/store/apps/details?id=com.readygo.dark.gp,primary genre,Management Simulation,,,
R0112,Dark War Survival,https://play.google.com/store/apps/details?id=com.readygo.dark.gp,attribute,3D graphics,Gameplay is rendered primarily with three-dimensional graphics.,,
R0113,Dark War Survival,https://play.google.com/store/apps/details?id=com.readygo.dark.gp,attribute,Player versus player,Players compete directly against other human players.,,
R0114,Dark War Survival,https://play.google.com/store/apps/details?id=com.readygo.dark.gp,attribute,Unit command,"The player commands multiple units, troops or characters rather than a single avatar.",,
R0115,Dark War Survival,https://play.google.com/store/apps/details?id=com.readygo.dark.gp,attribute,Fantasy setting,"Magic, mythical creatures or supernatural worldbuilding define the world.",,
R0116,Dark War Survival,https://play.google.com/store/apps/details?id=com.readygo.dark.gp,attribute,Player versus environment,"Players face computer-controlled opposition, alone or together.",,
R0117,Dark War Survival,https://play.google.com/store/apps/details?id=com.readygo.dark.gp,attribute,Resource management,Allocating and conserving limited resources is a meaningful decision-making layer.,,
R0118,Solitaire Grand Harvest,https://play.google.com/store/apps/details?id=net.supertreat.solitaire,attribute,Pay-to-progress or pay-to-win,Real-money purchases give meaningful power or progression advantages.,,
R0119,Solitaire Grand Harvest,https://play.google.com/store/apps/details?id=net.supertreat.solitaire,attribute,Achievements,Milestone rewards or trophies for completing specific challenges.,,
R0120,Solitaire Grand Harvest,https://play.google.com/store/apps/details?id=net.supertreat.solitaire,primary genre,Card Game,Playing hands of cards under repeatable card rules is the principal loop.,,
R0121,Solitaire Grand Harvest,https://play.google.com/store/apps/details?id=net.supertreat.solitaire,attribute,Management gameplay,"Running a business, settlement, team, farm or organisation through planning and optimisation is a substantial part of play.",,
R0122,Solitaire Grand Harvest,https://play.google.com/store/apps/details?id=net.supertreat.solitaire,attribute,Family friendly,Suitable for children and family play.,,
R0123,Solitaire Grand Harvest,https://play.google.com/store/apps/details?id=net.supertreat.solitaire,attribute,Resource gathering,"The player collects raw materials such as wood, ore or plants from the world.",,
R0124,Solitaire Grand Harvest,https://play.google.com/store/apps/details?id=net.supertreat.solitaire,attribute,Live events,"Limited-time events, seasons or rotating content with exclusive rewards.",,
R0125,Solitaire Grand Harvest,https://play.google.com/store/apps/details?id=net.supertreat.solitaire,attribute,Collecting,"Gathering and cataloguing sets of items, creatures, cards or collectibles is a meaningful goal.",,
R0126,Solitaire Grand Harvest,https://play.google.com/store/apps/details?id=net.supertreat.solitaire,attribute,Vibrant colours,"A saturated, colourful palette dominates.",,
R0127,Solitaire Grand Harvest,https://play.google.com/store/apps/details?id=net.supertreat.solitaire,attribute,Rural or countryside environments,"Much of the game takes place in villages, farmland or countryside.",,
R0128,Solitaire Grand Harvest,https://play.google.com/store/apps/details?id=net.supertreat.solitaire,attribute,2D graphics,Gameplay is rendered primarily with two-dimensional graphics.,,
R0129,Solitaire Grand Harvest,https://play.google.com/store/apps/details?id=net.supertreat.solitaire,attribute,Companions or party members,"AI-controlled allies, pets or party members accompany or fight alongside the player.",,
R0130,Solitaire Grand Harvest,https://play.google.com/store/apps/details?id=net.supertreat.solitaire,attribute,In-game economy and trading,"The player buys, sells or trades using an in-game currency or market.",,
R0131,Solitaire Grand Harvest,https://play.google.com/store/apps/details?id=net.supertreat.solitaire,attribute,Farming,"The player plants, tends and harvests crops or raises livestock.",,
R0132,Solitaire Grand Harvest,https://play.google.com/store/apps/details?id=net.supertreat.solitaire,attribute,Stylized visual presentation,"Gameplay visuals intentionally depart from photorealism through exaggerated shape language, color, proportion, materials, or illustration-like rendering.",,
R0133,Solitaire Grand Harvest,https://play.google.com/store/apps/details?id=net.supertreat.solitaire,attribute,Cozy and relaxing,"A low-stress, comforting experience built around relaxation rather than tension.",,
R0134,Gossip Harbor: Merge & Story,https://play.google.com/store/apps/details?id=com.mergegames.gossipharbor,attribute,Touch controls,The game is designed to be played with touch input.,,
R0135,Gossip Harbor: Merge & Story,https://play.google.com/store/apps/details?id=com.mergegames.gossipharbor,attribute,Family,Family relationships are a central theme.,,
R0136,Gossip Harbor: Merge & Story,https://play.google.com/store/apps/details?id=com.mergegames.gossipharbor,attribute,Upgrade system,"The player improves weapons, abilities, vehicles, buildings or equipment over time.",,
R0137,Gossip Harbor: Merge & Story,https://play.google.com/store/apps/details?id=com.mergegames.gossipharbor,attribute,Mystery,"Investigation, secrets and revelations drive the experience.",,
R0138,Gossip Harbor: Merge & Story,https://play.google.com/store/apps/details?id=com.mergegames.gossipharbor,attribute,Ad-supported,"The game shows advertisements, including optional rewarded ads.",,
R0139,Gossip Harbor: Merge & Story,https://play.google.com/store/apps/details?id=com.mergegames.gossipharbor,attribute,Wilderness,"Much of the game takes place in untamed nature such as forests, mountains or islands.",,
R0140,Gossip Harbor: Merge & Story,https://play.google.com/store/apps/details?id=com.mergegames.gossipharbor,attribute,Resource management,Allocating and conserving limited resources is a meaningful decision-making layer.,,
R0141,Gossip Harbor: Merge & Story,https://play.google.com/store/apps/details?id=com.mergegames.gossipharbor,attribute,Family friendly,Suitable for children and family play.,,
R0142,Gossip Harbor: Merge & Story,https://play.google.com/store/apps/details?id=com.mergegames.gossipharbor,attribute,Live events,"Limited-time events, seasons or rotating content with exclusive rewards.",,
R0143,Gossip Harbor: Merge & Story,https://play.google.com/store/apps/details?id=com.mergegames.gossipharbor,primary genre,Merge,Combining matching items into higher-tier items is the principal progression loop.,,
R0144,Gossip Harbor: Merge & Story,https://play.google.com/store/apps/details?id=com.mergegames.gossipharbor,attribute,Cartoon style,Western animation-inspired style with exaggerated features.,,
R0145,Gossip Harbor: Merge & Story,https://play.google.com/store/apps/details?id=com.mergegames.gossipharbor,attribute,Simulation gameplay,"Play models the rules of a real-world or fictional activity, system or lifestyle in detail.",,
R0146,Gossip Harbor: Merge & Story,https://play.google.com/store/apps/details?id=com.mergegames.gossipharbor,attribute,Strategy gameplay,"Planning, positioning, resource allocation or tactical decisions are a substantial part of play.",,
R0147,Gossip Harbor: Merge & Story,https://play.google.com/store/apps/details?id=com.mergegames.gossipharbor,attribute,Energy or stamina timers,A regenerating meta-resource limits how much the player can play before waiting or paying.,,
R0148,Gossip Harbor: Merge & Story,https://play.google.com/store/apps/details?id=com.mergegames.gossipharbor,attribute,Building and construction,"The player constructs structures, bases, rooms or environments.",,
R0149,Gossip Harbor: Merge & Story,https://play.google.com/store/apps/details?id=com.mergegames.gossipharbor,primary genre,Match-3,Creating runs or groups of matching pieces through constrained board moves is the main loop.,,
R0150,Gossip Harbor: Merge & Story,https://play.google.com/store/apps/details?id=com.mergegames.gossipharbor,attribute,In-game purchases,"Players can spend real money inside the game on currency, items or content.",,
R0151,Homescapes,https://play.google.com/store/apps/details?id=com.playrix.homescapes,attribute,Touch controls,The game is designed to be played with touch input.,,
R0152,Homescapes,https://play.google.com/store/apps/details?id=com.playrix.homescapes,attribute,2D graphics,Gameplay is rendered primarily with two-dimensional graphics.,,
R0153,Homescapes,https://play.google.com/store/apps/details?id=com.playrix.homescapes,attribute,Top-down perspective,Gameplay is primarily viewed from directly or steeply overhead.,,
R0154,Homescapes,https://play.google.com/store/apps/details?id=com.playrix.homescapes,attribute,Live events,"Limited-time events, seasons or rotating content with exclusive rewards.",,
R0155,Homescapes,https://play.google.com/store/apps/details?id=com.playrix.homescapes,attribute,Family,Family relationships are a central theme.,,
R0156,Homescapes,https://play.google.com/store/apps/details?id=com.playrix.homescapes,attribute,Daily rewards or quests,Incentives for logging in or playing every day.,,
R0157,Homescapes,https://play.google.com/store/apps/details?id=com.playrix.homescapes,attribute,Energy or stamina timers,A regenerating meta-resource limits how much the player can play before waiting or paying.,,
R0158,Homescapes,https://play.google.com/store/apps/details?id=com.playrix.homescapes,attribute,Free to play,The game can be downloaded and played without an upfront purchase.,,
R0159,Homescapes,https://play.google.com/store/apps/details?id=com.playrix.homescapes,attribute,Puzzle-solving gameplay,"Logic, pattern, spatial or physics problems the player must work out are a substantial part of play.",,
R0160,Homescapes,https://play.google.com/store/apps/details?id=com.playrix.homescapes,attribute,Family friendly,Suitable for children and family play.,,
R0161,Homescapes,https://play.google.com/store/apps/details?id=com.playrix.homescapes,attribute,Building and construction,"The player constructs structures, bases, rooms or environments.",,
R0162,Homescapes,https://play.google.com/store/apps/details?id=com.playrix.homescapes,attribute,Guilds or clans,Players can form persistent groups with shared goals or rewards.,,
R0163,Homescapes,https://play.google.com/store/apps/details?id=com.playrix.homescapes,attribute,Dark atmospheric visuals,"Dim lighting, heavy shadow or a desaturated palette dominate.",,
R0164,Homescapes,https://play.google.com/store/apps/details?id=com.playrix.homescapes,attribute,Experience and levels,The player character or units gain experience points and levels that increase capability.,,
R0165,Homescapes,https://play.google.com/store/apps/details?id=com.playrix.homescapes,primary genre,Match-3,Creating runs or groups of matching pieces through constrained board moves is the main loop.,,
R0166,Homescapes,https://play.google.com/store/apps/details?id=com.playrix.homescapes,attribute,Single-player mode,The game can be played by one person alone.,,
R0167,Total Battle: War Strategy,https://play.google.com/store/apps/details?id=com.totalbattle,attribute,Unit command,"The player commands multiple units, troops or characters rather than a single avatar.",,
R0168,Total Battle: War Strategy,https://play.google.com/store/apps/details?id=com.totalbattle,attribute,Multiplayer,The game includes a mode in which multiple human players participate in the same gameplay session or shared play experience.,,
R0169,Total Battle: War Strategy,https://play.google.com/store/apps/details?id=com.totalbattle,primary genre,4X Strategy,"Building a faction or empire centers on exploration, expansion, exploitation, and extermination.",,
R0170,Total Battle: War Strategy,https://play.google.com/store/apps/details?id=com.totalbattle,attribute,Persistent online world,Players share a persistent online world that continues between sessions.,,
R0171,Total Battle: War Strategy,https://play.google.com/store/apps/details?id=com.totalbattle,attribute,Gacha or loot boxes,"Randomised reward draws such as gacha pulls or loot boxes, often purchasable.",,
R0172,Total Battle: War Strategy,https://play.google.com/store/apps/details?id=com.totalbattle,attribute,Role-playing gameplay,"Character progression, stats, equipment/build choices, abilities, or role-playing systems materially shape player power and play style over time.",,
R0173,Total Battle: War Strategy,https://play.google.com/store/apps/details?id=com.totalbattle,attribute,Suspense and tension,"Sustained tension, danger and high stakes drive the experience.",,
R0174,Total Battle: War Strategy,https://play.google.com/store/apps/details?id=com.totalbattle,attribute,Live events,"Limited-time events, seasons or rotating content with exclusive rewards.",,
R0175,Total Battle: War Strategy,https://play.google.com/store/apps/details?id=com.totalbattle,attribute,Stylized visual presentation,"Gameplay visuals intentionally depart from photorealism through exaggerated shape language, color, proportion, materials, or illustration-like rendering.",,
R0176,Total Battle: War Strategy,https://play.google.com/store/apps/details?id=com.totalbattle,attribute,Daily rewards or quests,Incentives for logging in or playing every day.,,
R0177,Total Battle: War Strategy,https://play.google.com/store/apps/details?id=com.totalbattle,attribute,Pay-to-progress or pay-to-win,Real-money purchases give meaningful power or progression advantages.,,
R0178,Total Battle: War Strategy,https://play.google.com/store/apps/details?id=com.totalbattle,attribute,Military setting,"Armed forces, soldiers or military operations are central to the premise.",,
R0179,Total Battle: War Strategy,https://play.google.com/store/apps/details?id=com.totalbattle,attribute,Player-created protagonist,"The player creates their own protagonist, choosing appearance or attributes.",,
R0180,Total Battle: War Strategy,https://play.google.com/store/apps/details?id=com.totalbattle,attribute,Inventory system,"The player manages a persistent collection of carried items, equipment, resources, or consumables through an inventory or comparable item-management system.",,
R0181,Total Battle: War Strategy,https://play.google.com/store/apps/details?id=com.totalbattle,attribute,Resource management,Allocating and conserving limited resources is a meaningful decision-making layer.,,
R0182,Total Battle: War Strategy,https://play.google.com/store/apps/details?id=com.totalbattle,attribute,Energy or stamina timers,A regenerating meta-resource limits how much the player can play before waiting or paying.,,
R0183,Total Battle: War Strategy,https://play.google.com/store/apps/details?id=com.totalbattle,primary genre,Real-Time Strategy,Continuous-time command combines economic development and military or territorial strategy.,,
R0184,Fishdom,https://play.google.com/store/apps/details?id=com.playrix.fishdomdd.gplay,attribute,Live events,"Limited-time events, seasons or rotating content with exclusive rewards.",,
R0185,Fishdom,https://play.google.com/store/apps/details?id=com.playrix.fishdomdd.gplay,attribute,Vibrant colours,"A saturated, colourful palette dominates.",,
R0186,Fishdom,https://play.google.com/store/apps/details?id=com.playrix.fishdomdd.gplay,attribute,Energy or stamina timers,A regenerating meta-resource limits how much the player can play before waiting or paying.,,
R0187,Fishdom,https://play.google.com/store/apps/details?id=com.playrix.fishdomdd.gplay,attribute,Management gameplay,"Running a business, settlement, team, farm or organisation through planning and optimisation is a substantial part of play.",,
R0188,Fishdom,https://play.google.com/store/apps/details?id=com.playrix.fishdomdd.gplay,attribute,Third-person gameplay perspective,"The primary gameplay camera shows the controlled character from an external camera, commonly behind, above, or around the character.",,
R0189,Fishdom,https://play.google.com/store/apps/details?id=com.playrix.fishdomdd.gplay,attribute,Building and construction,"The player constructs structures, bases, rooms or environments.",,
R0190,Fishdom,https://play.google.com/store/apps/details?id=com.playrix.fishdomdd.gplay,attribute,Fishing,Fishing is available as an activity.,,
R0191,Fishdom,https://play.google.com/store/apps/details?id=com.playrix.fishdomdd.gplay,attribute,Experience and levels,The player character or units gain experience points and levels that increase capability.,,
R0192,Fishdom,https://play.google.com/store/apps/details?id=com.playrix.fishdomdd.gplay,attribute,Collecting,"Gathering and cataloguing sets of items, creatures, cards or collectibles is a meaningful goal.",,
R0193,Fishdom,https://play.google.com/store/apps/details?id=com.playrix.fishdomdd.gplay,attribute,Single-player mode,The game can be played by one person alone.,,
R0194,Fishdom,https://play.google.com/store/apps/details?id=com.playrix.fishdomdd.gplay,attribute,Player versus player,Players compete directly against other human players.,,
R0195,Fishdom,https://play.google.com/store/apps/details?id=com.playrix.fishdomdd.gplay,attribute,Loot drops,"Defeated enemies, chests or activities reward items or equipment of varying value.",,
R0196,Fishdom,https://play.google.com/store/apps/details?id=com.playrix.fishdomdd.gplay,attribute,In-game purchases,"Players can spend real money inside the game on currency, items or content.",,
R0197,Fishdom,https://play.google.com/store/apps/details?id=com.playrix.fishdomdd.gplay,primary genre,Match-3,Creating runs or groups of matching pieces through constrained board moves is the main loop.,,
R0198,Fishdom,https://play.google.com/store/apps/details?id=com.playrix.fishdomdd.gplay,attribute,Gacha or loot boxes,"Randomised reward draws such as gacha pulls or loot boxes, often purchasable.",,
R0199,Fishdom,https://play.google.com/store/apps/details?id=com.playrix.fishdomdd.gplay,attribute,2D graphics,Gameplay is rendered primarily with two-dimensional graphics.,,
R0200,Dice Dreams™️,https://play.google.com/store/apps/details?id=com.superplaystudios.dicedreams,attribute,In-game purchases,"Players can spend real money inside the game on currency, items or content.",,
R0201,Dice Dreams™️,https://play.google.com/store/apps/details?id=com.superplaystudios.dicedreams,attribute,Player-to-player trading,Players can exchange items or currency with each other.,,
R0202,Dice Dreams™️,https://play.google.com/store/apps/details?id=com.superplaystudios.dicedreams,attribute,Vibrant colours,"A saturated, colourful palette dominates.",,
R0203,Dice Dreams™️,https://play.google.com/store/apps/details?id=com.superplaystudios.dicedreams,attribute,Collecting,"Gathering and cataloguing sets of items, creatures, cards or collectibles is a meaningful goal.",,
R0204,Dice Dreams™️,https://play.google.com/store/apps/details?id=com.superplaystudios.dicedreams,attribute,Gacha or loot boxes,"Randomised reward draws such as gacha pulls or loot boxes, often purchasable.",,
R0205,Dice Dreams™️,https://play.google.com/store/apps/details?id=com.superplaystudios.dicedreams,attribute,In-game economy and trading,"The player buys, sells or trades using an in-game currency or market.",,
R0206,Dice Dreams™️,https://play.google.com/store/apps/details?id=com.superplaystudios.dicedreams,attribute,Casual-friendly,Easy to pick up and suited to short or relaxed play sessions.,,
R0207,Dice Dreams™️,https://play.google.com/store/apps/details?id=com.superplaystudios.dicedreams,attribute,Comedic tone,"Humour, satire or absurdity is a defining part of the experience.",,
R0208,Dice Dreams™️,https://play.google.com/store/apps/details?id=com.superplaystudios.dicedreams,attribute,Quests and missions,"The player takes on structured objectives such as quests, missions or contracts.",,
R0209,Dice Dreams™️,https://play.google.com/store/apps/details?id=com.superplaystudios.dicedreams,attribute,Resource management,Allocating and conserving limited resources is a meaningful decision-making layer.,,
R0210,Dice Dreams™️,https://play.google.com/store/apps/details?id=com.superplaystudios.dicedreams,attribute,Auto-play or idle progress,The game can progress automatically or while the player is away.,,
R0211,Dice Dreams™️,https://play.google.com/store/apps/details?id=com.superplaystudios.dicedreams,attribute,Online multiplayer,Players can play together over the internet.,,
R0212,Dice Dreams™️,https://play.google.com/store/apps/details?id=com.superplaystudios.dicedreams,primary genre,Board Game,A shared board or tabletop-style state and discrete rules structure play.,,
R0213,Dice Dreams™️,https://play.google.com/store/apps/details?id=com.superplaystudios.dicedreams,attribute,Stylized visual presentation,"Gameplay visuals intentionally depart from photorealism through exaggerated shape language, color, proportion, materials, or illustration-like rendering.",,
R0214,Dice Dreams™️,https://play.google.com/store/apps/details?id=com.superplaystudios.dicedreams,attribute,Upgrade system,"The player improves weapons, abilities, vehicles, buildings or equipment over time.",,
R0215,Dice Dreams™️,https://play.google.com/store/apps/details?id=com.superplaystudios.dicedreams,attribute,Card-based gameplay,"Cards, decks or hands are a core way the player takes actions.",,
R0216,Coin Master - Board Adventure,https://play.google.com/store/apps/details?id=com.moonactive.cmboard,attribute,Building and construction,"The player constructs structures, bases, rooms or environments.",,
R0217,Coin Master - Board Adventure,https://play.google.com/store/apps/details?id=com.moonactive.cmboard,attribute,Underground,"Caves, mines, dungeons or subterranean spaces are a major setting.",,
R0218,Coin Master - Board Adventure,https://play.google.com/store/apps/details?id=com.moonactive.cmboard,attribute,Non-human protagonist,"The main playable character is an animal, robot, creature or other non-human.",,
R0219,Coin Master - Board Adventure,https://play.google.com/store/apps/details?id=com.moonactive.cmboard,attribute,Card-based gameplay,"Cards, decks or hands are a core way the player takes actions.",,
R0220,Coin Master - Board Adventure,https://play.google.com/store/apps/details?id=com.moonactive.cmboard,attribute,In-game purchases,"Players can spend real money inside the game on currency, items or content.",,
R0221,Coin Master - Board Adventure,https://play.google.com/store/apps/details?id=com.moonactive.cmboard,attribute,Minimal or no story,The game has little or no authored plot; play is not organised around a story.,,
R0222,Coin Master - Board Adventure,https://play.google.com/store/apps/details?id=com.moonactive.cmboard,primary genre,Board Game,A shared board or tabletop-style state and discrete rules structure play.,,
R0223,Coin Master - Board Adventure,https://play.google.com/store/apps/details?id=com.moonactive.cmboard,attribute,Vibrant colours,"A saturated, colourful palette dominates.",,
R0224,Coin Master - Board Adventure,https://play.google.com/store/apps/details?id=com.moonactive.cmboard,attribute,In-game economy and trading,"The player buys, sells or trades using an in-game currency or market.",,
R0225,Coin Master - Board Adventure,https://play.google.com/store/apps/details?id=com.moonactive.cmboard,attribute,Collecting,"Gathering and cataloguing sets of items, creatures, cards or collectibles is a meaningful goal.",,
R0226,Coin Master - Board Adventure,https://play.google.com/store/apps/details?id=com.moonactive.cmboard,attribute,Player versus player,Players compete directly against other human players.,,
R0227,Coin Master - Board Adventure,https://play.google.com/store/apps/details?id=com.moonactive.cmboard,attribute,Multiplayer,The game includes a mode in which multiple human players participate in the same gameplay session or shared play experience.,,
R0228,Coin Master - Board Adventure,https://play.google.com/store/apps/details?id=com.moonactive.cmboard,attribute,Experience and levels,The player character or units gain experience points and levels that increase capability.,,
R0229,Coin Master - Board Adventure,https://play.google.com/store/apps/details?id=com.moonactive.cmboard,attribute,Cel-shaded,Flat shading with bold outlines giving a cartoon or comic-book look.,,
R0230,Coin Master - Board Adventure,https://play.google.com/store/apps/details?id=com.moonactive.cmboard,attribute,Family friendly,Suitable for children and family play.,,
R0231,Coin Master - Board Adventure,https://play.google.com/store/apps/details?id=com.moonactive.cmboard,attribute,Cartoon style,Western animation-inspired style with exaggerated features.,,
R0232,Lightning Link Casino Slots,https://play.google.com/store/apps/details?id=com.productmadness.lightninglink,primary genre,Arcade,,,
R0233,Lightning Link Casino Slots,https://play.google.com/store/apps/details?id=com.productmadness.lightninglink,attribute,Whimsical or lighthearted,"A playful, charming or lighthearted atmosphere dominates.",,
R0234,Lightning Link Casino Slots,https://play.google.com/store/apps/details?id=com.productmadness.lightninglink,attribute,Simulation gameplay,"Play models the rules of a real-world or fictional activity, system or lifestyle in detail.",,
R0235,Lightning Link Casino Slots,https://play.google.com/store/apps/details?id=com.productmadness.lightninglink,attribute,Dark atmospheric visuals,"Dim lighting, heavy shadow or a desaturated palette dominate.",,
R0236,Lightning Link Casino Slots,https://play.google.com/store/apps/details?id=com.productmadness.lightninglink,attribute,Auto-play or idle progress,The game can progress automatically or while the player is away.,,
R0237,Lightning Link Casino Slots,https://play.google.com/store/apps/details?id=com.productmadness.lightninglink,attribute,Casual-friendly,Easy to pick up and suited to short or relaxed play sessions.,,
R0238,Lightning Link Casino Slots,https://play.google.com/store/apps/details?id=com.productmadness.lightninglink,attribute,Player versus player,Players compete directly against other human players.,,
R0239,Lightning Link Casino Slots,https://play.google.com/store/apps/details?id=com.productmadness.lightninglink,attribute,Pay-to-progress or pay-to-win,Real-money purchases give meaningful power or progression advantages.,,
R0240,Lightning Link Casino Slots,https://play.google.com/store/apps/details?id=com.productmadness.lightninglink,attribute,Mature content,"Intended for adults because of violence, sexual content, language or disturbing themes.",,
R0241,Lightning Link Casino Slots,https://play.google.com/store/apps/details?id=com.productmadness.lightninglink,attribute,Touch controls,The game is designed to be played with touch input.,,
R0242,Lightning Link Casino Slots,https://play.google.com/store/apps/details?id=com.productmadness.lightninglink,attribute,Family friendly,Suitable for children and family play.,,
R0243,Lightning Link Casino Slots,https://play.google.com/store/apps/details?id=com.productmadness.lightninglink,attribute,2D graphics,Gameplay is rendered primarily with two-dimensional graphics.,,
R0244,Lightning Link Casino Slots,https://play.google.com/store/apps/details?id=com.productmadness.lightninglink,attribute,Present-day setting,"A contemporary, present-day world.",,
R0245,Lightning Link Casino Slots,https://play.google.com/store/apps/details?id=com.productmadness.lightninglink,attribute,Stylized visual presentation,"Gameplay visuals intentionally depart from photorealism through exaggerated shape language, color, proportion, materials, or illustration-like rendering.",,
R0246,Lightning Link Casino Slots,https://play.google.com/store/apps/details?id=com.productmadness.lightninglink,attribute,Procedural generation,"Meaningful game content such as levels, maps, encounters, worlds, or layouts is algorithmically generated or regenerated rather than entirely authored as a fixed layout.",,
R0247,Lightning Link Casino Slots,https://play.google.com/store/apps/details?id=com.productmadness.lightninglink,primary genre,Casual,"Lightweight, readily understood short-session interactions define play without a more specific loop.",,
R0248,Lightning Link Casino Slots,https://play.google.com/store/apps/details?id=com.productmadness.lightninglink,attribute,Collecting,"Gathering and cataloguing sets of items, creatures, cards or collectibles is a meaningful goal.",,
R0249,Stardew Valley,https://store.steampowered.com/app/413150,attribute,Inventory system,"The player manages a persistent collection of carried items, equipment, resources, or consumables through an inventory or comparable item-management system.",,
R0250,Stardew Valley,https://store.steampowered.com/app/413150,attribute,Player versus environment,"Players face computer-controlled opposition, alone or together.",,
R0251,Stardew Valley,https://store.steampowered.com/app/413150,attribute,Friendship,Bonds between companions are a central theme.,,
R0252,Stardew Valley,https://store.steampowered.com/app/413150,attribute,Split-screen,Local players share one display divided into separate views.,,
R0253,Stardew Valley,https://store.steampowered.com/app/413150,attribute,Time management,"Scheduling limited in-game time, such as days or shifts, is a core decision layer.",,
R0254,Stardew Valley,https://store.steampowered.com/app/413150,attribute,Character customization,"The player adjusts a character's appearance, class or attributes.",,
R0255,Stardew Valley,https://store.steampowered.com/app/413150,attribute,2D graphics,Gameplay is rendered primarily with two-dimensional graphics.,,
R0256,Stardew Valley,https://store.steampowered.com/app/413150,attribute,Mystery,"Investigation, secrets and revelations drive the experience.",,
R0257,Stardew Valley,https://store.steampowered.com/app/413150,attribute,Retro presentation,Deliberately evokes older game hardware or eras in look and feel.,,
R0258,Stardew Valley,https://store.steampowered.com/app/413150,attribute,Adventure gameplay,"Exploring places, meeting characters and progressing a story or quest structure is a substantial part of play.",,
R0259,Stardew Valley,https://store.steampowered.com/app/413150,attribute,Minimal or no story,The game has little or no authored plot; play is not organised around a story.,,
R0260,Stardew Valley,https://store.steampowered.com/app/413150,attribute,Whimsical or lighthearted,"A playful, charming or lighthearted atmosphere dominates.",,
R0261,Stardew Valley,https://store.steampowered.com/app/413150,attribute,Exploration gameplay,Discovering and traversing unknown places is a primary motivation of play.,,
R0262,Stardew Valley,https://store.steampowered.com/app/413150,attribute,Multiplayer,The game includes a mode in which multiple human players participate in the same gameplay session or shared play experience.,,
R0263,Stardew Valley,https://store.steampowered.com/app/413150,primary genre,Farm Simulation,Cultivating and developing a farm organizes recurring progression.,,
R0264,Stardew Valley,https://store.steampowered.com/app/413150,attribute,Fishing,Fishing is available as an activity.,,
R0265,Project Zomboid,https://store.steampowered.com/app/108600,attribute,Base or settlement building,"The player builds and maintains a persistent home base, camp or settlement.",,
R0266,Project Zomboid,https://store.steampowered.com/app/108600,attribute,2D graphics,Gameplay is rendered primarily with two-dimensional graphics.,,
R0267,Project Zomboid,https://store.steampowered.com/app/108600,attribute,Controller support,The game can be played with a gamepad or controller.,,
R0268,Project Zomboid,https://store.steampowered.com/app/108600,attribute,Historical setting,Set in or closely inspired by a real historical period.,,
R0269,Project Zomboid,https://store.steampowered.com/app/108600,attribute,Crafting,"The player can intentionally create items, equipment, consumables, structures, or upgrades by combining or transforming resources/components through a game system.",,
R0270,Project Zomboid,https://store.steampowered.com/app/108600,attribute,Nature and environment,"Nature, ecology or environmental change is a central theme.",,
R0271,Project Zomboid,https://store.steampowered.com/app/108600,attribute,Cooking,The player prepares food or recipes from ingredients.,,
R0272,Project Zomboid,https://store.steampowered.com/app/108600,primary genre,Open World Survival Craft,Open-ended world exploration combines ongoing survival pressures with gathering and construction.,,
R0273,Project Zomboid,https://store.steampowered.com/app/108600,attribute,Upgrade system,"The player improves weapons, abilities, vehicles, buildings or equipment over time.",,
R0274,Project Zomboid,https://store.steampowered.com/app/108600,attribute,Simulation gameplay,"Play models the rules of a real-world or fictional activity, system or lifestyle in detail.",,
R0275,Project Zomboid,https://store.steampowered.com/app/108600,attribute,Cooperative multiplayer,Two or more human players can cooperate toward shared gameplay objectives in the same mode or session.,,
R0276,Project Zomboid,https://store.steampowered.com/app/108600,attribute,Fishing,Fishing is available as an activity.,,
R0277,Project Zomboid,https://store.steampowered.com/app/108600,attribute,Suspense and tension,"Sustained tension, danger and high stakes drive the experience.",,
R0278,Project Zomboid,https://store.steampowered.com/app/108600,attribute,Survival gameplay,Gathering resources and managing scarcity to endure a hostile environment is a substantial part of play.,,
R0279,Project Zomboid,https://store.steampowered.com/app/108600,attribute,Persistent online world,Players share a persistent online world that continues between sessions.,,
R0280,Project Zomboid,https://store.steampowered.com/app/108600,attribute,Mature content,"Intended for adults because of violence, sexual content, language or disturbing themes.",,
R0281,Hearts of Iron IV,https://store.steampowered.com/app/394360,attribute,Unit command,"The player commands multiple units, troops or characters rather than a single avatar.",,
R0282,Hearts of Iron IV,https://store.steampowered.com/app/394360,attribute,Simulation gameplay,"Play models the rules of a real-world or fictional activity, system or lifestyle in detail.",,
R0283,Hearts of Iron IV,https://store.steampowered.com/app/394360,attribute,Equipment and loadouts,"Gear, weapons or loadouts the player equips change stats or play style.",,
R0284,Hearts of Iron IV,https://store.steampowered.com/app/394360,attribute,Management gameplay,"Running a business, settlement, team, farm or organisation through planning and optimisation is a substantial part of play.",,
R0285,Hearts of Iron IV,https://store.steampowered.com/app/394360,attribute,Paid DLC or expansions,Paid downloadable content or expansions add to the base game.,,
R0286,Hearts of Iron IV,https://store.steampowered.com/app/394360,attribute,Multiplayer,The game includes a mode in which multiple human players participate in the same gameplay session or shared play experience.,,
R0287,Hearts of Iron IV,https://store.steampowered.com/app/394360,attribute,Branching narrative,Story paths diverge based on player decisions.,,
R0288,Hearts of Iron IV,https://store.steampowered.com/app/394360,primary genre,Grand Strategy,"Large-scale political, diplomatic, economic, and military systems model nations or dynasties.",,
R0289,Hearts of Iron IV,https://store.steampowered.com/app/394360,attribute,Politics and power,"Political struggle, rule or the pursuit of power is a central theme.",,
R0290,Hearts of Iron IV,https://store.steampowered.com/app/394360,attribute,Mods or player-made content,"Players can create, share or install mods, levels or other user-generated content.",,
R0291,Hearts of Iron IV,https://store.steampowered.com/app/394360,attribute,Difficulty options,The player can choose or adjust difficulty.,,
R0292,Hearts of Iron IV,https://store.steampowered.com/app/394360,attribute,Cross-platform play,Players on different platforms or devices can play together.,,
R0293,Hearts of Iron IV,https://store.steampowered.com/app/394360,attribute,Online multiplayer,Players can play together over the internet.,,
R0294,Hearts of Iron IV,https://store.steampowered.com/app/394360,attribute,Cloud saves,Save data can sync through an online service.,,
R0295,Hearts of Iron IV,https://store.steampowered.com/app/394360,attribute,War,Armed conflict and its consequences are a central theme.,,
R0296,Hearts of Iron IV,https://store.steampowered.com/app/394360,attribute,Military setting,"Armed forces, soldiers or military operations are central to the premise.",,
R0297,Warframe,https://store.steampowered.com/app/230410,attribute,Control remapping,Controls can be remapped or customised.,,
R0298,Warframe,https://store.steampowered.com/app/230410,primary genre,Looter Shooter,Shooting and repeated acquisition of power-changing equipment form the main progression loop.,,
R0299,Warframe,https://store.steampowered.com/app/230410,attribute,Subtitle options,Subtitles or captions are available.,,
R0300,Warframe,https://store.steampowered.com/app/230410,attribute,Character customization,"The player adjusts a character's appearance, class or attributes.",,
R0301,Warframe,https://store.steampowered.com/app/230410,attribute,Massively multiplayer,Large numbers of players share the same world or servers at once.,,
R0302,Warframe,https://store.steampowered.com/app/230410,attribute,Difficulty options,The player can choose or adjust difficulty.,,
R0303,Warframe,https://store.steampowered.com/app/230410,attribute,Action gameplay,"Reflexes, timing and real-time execution are a substantial part of the challenge.",,
R0304,Warframe,https://store.steampowered.com/app/230410,attribute,Adventure gameplay,"Exploring places, meeting characters and progressing a story or quest structure is a substantial part of play.",,
R0305,Warframe,https://store.steampowered.com/app/230410,attribute,Guilds or clans,Players can form persistent groups with shared goals or rewards.,,
R0306,Warframe,https://store.steampowered.com/app/230410,attribute,Mods or player-made content,"Players can create, share or install mods, levels or other user-generated content.",,
R0307,Warframe,https://store.steampowered.com/app/230410,attribute,Non-human protagonist,"The main playable character is an animal, robot, creature or other non-human.",,
R0308,Warframe,https://store.steampowered.com/app/230410,attribute,Free to play,The game can be downloaded and played without an upfront purchase.,,
R0309,Warframe,https://store.steampowered.com/app/230410,primary genre,Action RPG,Real-time action combat is materially shaped by persistent character statistics and build choices.,,
R0310,Warframe,https://store.steampowered.com/app/230410,attribute,Mystery,"Investigation, secrets and revelations drive the experience.",,
R0311,Warframe,https://store.steampowered.com/app/230410,attribute,War,Armed conflict and its consequences are a central theme.,,
R0312,Warframe,https://store.steampowered.com/app/230410,attribute,Ranged combat,"The player directly attacks targets at range using projectiles, firearms, bows, spells, thrown weapons, or equivalent ranged actions.",,
R0313,Warframe,https://store.steampowered.com/app/230410,attribute,Realistic visual style,"Gameplay rendering primarily pursues physically plausible proportions, materials, lighting, environments, and character depiction rather than overt abstraction or cartoon stylization.",,
R0314,WARDOGS,https://store.steampowered.com/app/1867240,attribute,Role-playing gameplay,"Character progression, stats, equipment/build choices, abilities, or role-playing systems materially shape player power and play style over time.",,
R0315,WARDOGS,https://store.steampowered.com/app/1867240,attribute,Strategy gameplay,"Planning, positioning, resource allocation or tactical decisions are a substantial part of play.",,
R0316,WARDOGS,https://store.steampowered.com/app/1867240,attribute,First-person gameplay perspective,The player's primary gameplay camera represents the controlled character's eye-level point of view rather than showing the controlled body from outside.,,
R0317,WARDOGS,https://store.steampowered.com/app/1867240,attribute,Realistic visual style,"Gameplay rendering primarily pursues physically plausible proportions, materials, lighting, environments, and character depiction rather than overt abstraction or cartoon stylization.",,
R0318,WARDOGS,https://store.steampowered.com/app/1867240,attribute,In-game economy and trading,"The player buys, sells or trades using an in-game currency or market.",,
R0319,WARDOGS,https://store.steampowered.com/app/1867240,primary genre,Tactical Shooter,"Deliberate positioning, coordinated engagement, and consequential gunplay define combat.",,
R0320,WARDOGS,https://store.steampowered.com/app/1867240,attribute,Military setting,"Armed forces, soldiers or military operations are central to the premise.",,
R0321,WARDOGS,https://store.steampowered.com/app/1867240,primary genre,First-Person Shooter,Gunplay primarily viewed through the controlled character's eyes.,,
R0322,WARDOGS,https://store.steampowered.com/app/1867240,attribute,Free to play,The game can be downloaded and played without an upfront purchase.,,
R0323,WARDOGS,https://store.steampowered.com/app/1867240,attribute,Mature content,"Intended for adults because of violence, sexual content, language or disturbing themes.",,
R0324,WARDOGS,https://store.steampowered.com/app/1867240,attribute,Physics-based interaction,"Simulated physics such as momentum, weight or destruction is central to how actions play out.",,
R0325,WARDOGS,https://store.steampowered.com/app/1867240,attribute,3D graphics,Gameplay is rendered primarily with three-dimensional graphics.,,
R0326,WARDOGS,https://store.steampowered.com/app/1867240,attribute,Premium purchase,A one-time purchase is required to play.,,
R0327,WARDOGS,https://store.steampowered.com/app/1867240,attribute,Ranged combat,"The player directly attacks targets at range using projectiles, firearms, bows, spells, thrown weapons, or equivalent ranged actions.",,
R0328,WARDOGS,https://store.steampowered.com/app/1867240,attribute,Upgrade system,"The player improves weapons, abilities, vehicles, buildings or equipment over time.",,
R0329,WARDOGS,https://store.steampowered.com/app/1867240,attribute,Online multiplayer,Players can play together over the internet.,,
R0330,WARDOGS,https://store.steampowered.com/app/1867240,attribute,Resource management,Allocating and conserving limited resources is a meaningful decision-making layer.,,
R0331,Dead by Daylight,https://store.steampowered.com/app/381210,attribute,Subtitle options,Subtitles or captions are available.,,
R0332,Dead by Daylight,https://store.steampowered.com/app/381210,attribute,Procedural generation,"Meaningful game content such as levels, maps, encounters, worlds, or layouts is algorithmically generated or regenerated rather than entirely authored as a fixed layout.",,
R0333,Dead by Daylight,https://store.steampowered.com/app/381210,attribute,Daily rewards or quests,Incentives for logging in or playing every day.,,
R0334,Dead by Daylight,https://store.steampowered.com/app/381210,attribute,Fantasy setting,"Magic, mythical creatures or supernatural worldbuilding define the world.",,
R0335,Dead by Daylight,https://store.steampowered.com/app/381210,attribute,Urban environments,Much of the game takes place in cities or metropolitan environments.,,
R0336,Dead by Daylight,https://store.steampowered.com/app/381210,attribute,Dark or grim tone,"A bleak, grim or mature atmosphere dominates.",,
R0337,Dead by Daylight,https://store.steampowered.com/app/381210,attribute,Realistic visual style,"Gameplay rendering primarily pursues physically plausible proportions, materials, lighting, environments, and character depiction rather than overt abstraction or cartoon stylization.",,
R0338,Dead by Daylight,https://store.steampowered.com/app/381210,primary genre,Survival,Maintaining existence against environmental or resource pressures is the main progression loop.,,
R0339,Dead by Daylight,https://store.steampowered.com/app/381210,attribute,Present-day setting,"A contemporary, present-day world.",,
R0340,Dead by Daylight,https://store.steampowered.com/app/381210,attribute,Controller support,The game can be played with a gamepad or controller.,,
R0341,Dead by Daylight,https://store.steampowered.com/app/381210,attribute,Live events,"Limited-time events, seasons or rotating content with exclusive rewards.",,
R0342,Dead by Daylight,https://store.steampowered.com/app/381210,attribute,Multiple playable characters,"Several distinct characters can be played, by switching or across the story.",,
R0343,Dead by Daylight,https://store.steampowered.com/app/381210,attribute,In-game purchases,"Players can spend real money inside the game on currency, items or content.",,
R0344,Dead by Daylight,https://store.steampowered.com/app/381210,attribute,Premium purchase,A one-time purchase is required to play.,,
R0345,Dead by Daylight,https://store.steampowered.com/app/381210,attribute,Survival against the odds,Enduring a desperate situation is a central narrative theme.,,
R0346,Dead by Daylight,https://store.steampowered.com/app/381210,attribute,Minimal or no story,The game has little or no authored plot; play is not organised around a story.,,
R0347,The Binding of Isaac: Rebirth,https://store.steampowered.com/app/250900,attribute,In-game economy and trading,"The player buys, sells or trades using an in-game currency or market.",,
R0348,The Binding of Isaac: Rebirth,https://store.steampowered.com/app/250900,attribute,Upgrade system,"The player improves weapons, abilities, vehicles, buildings or equipment over time.",,
R0349,The Binding of Isaac: Rebirth,https://store.steampowered.com/app/250900,attribute,Underground,"Caves, mines, dungeons or subterranean spaces are a major setting.",,
R0350,The Binding of Isaac: Rebirth,https://store.steampowered.com/app/250900,attribute,Cooperative multiplayer,Two or more human players can cooperate toward shared gameplay objectives in the same mode or session.,,
R0351,The Binding of Isaac: Rebirth,https://store.steampowered.com/app/250900,primary genre,Action Adventure,"A sustained blend of real-time action, exploration, and authored adventure progression defines play.",,
R0352,The Binding of Isaac: Rebirth,https://store.steampowered.com/app/250900,attribute,Local multiplayer,"Several players can play on the same device or local network, including couch or split-screen play.",,
R0353,The Binding of Isaac: Rebirth,https://store.steampowered.com/app/250900,attribute,Role-playing gameplay,"Character progression, stats, equipment/build choices, abilities, or role-playing systems materially shape player power and play style over time.",,
R0354,The Binding of Isaac: Rebirth,https://store.steampowered.com/app/250900,attribute,Collecting,"Gathering and cataloguing sets of items, creatures, cards or collectibles is a meaningful goal.",,
R0355,The Binding of Isaac: Rebirth,https://store.steampowered.com/app/250900,attribute,Resource management,Allocating and conserving limited resources is a meaningful decision-making layer.,,
R0356,The Binding of Isaac: Rebirth,https://store.steampowered.com/app/250900,attribute,Suspense and tension,"Sustained tension, danger and high stakes drive the experience.",,
R0357,The Binding of Isaac: Rebirth,https://store.steampowered.com/app/250900,attribute,Real-time combat,"Combat actions and enemy behavior unfold continuously in real time and require active timing, movement, aiming, or immediate input during encounters.",,
R0358,The Binding of Isaac: Rebirth,https://store.steampowered.com/app/250900,attribute,Controller support,The game can be played with a gamepad or controller.,,
R0359,The Binding of Isaac: Rebirth,https://store.steampowered.com/app/250900,attribute,Stylized visual presentation,"Gameplay visuals intentionally depart from photorealism through exaggerated shape language, color, proportion, materials, or illustration-like rendering.",,
R0360,The Binding of Isaac: Rebirth,https://store.steampowered.com/app/250900,primary genre,Roguelike,,,
R0361,The Binding of Isaac: Rebirth,https://store.steampowered.com/app/250900,attribute,Shooter gameplay,A substantial part of the core gameplay loop centers on player-directed ranged weapon aiming/firing or projectile combat.,,
R0362,The Binding of Isaac: Rebirth,https://store.steampowered.com/app/250900,attribute,Online multiplayer,Players can play together over the internet.,,
R0363,The Binding of Isaac: Rebirth,https://store.steampowered.com/app/250900,attribute,Psychological,"Explores mental states, perception or unreliable reality.",,
R0364,Geometry Dash,https://store.steampowered.com/app/322170,attribute,Third-person gameplay perspective,"The primary gameplay camera shows the controlled character from an external camera, commonly behind, above, or around the character.",,
R0365,Geometry Dash,https://store.steampowered.com/app/322170,attribute,Character customization,"The player adjusts a character's appearance, class or attributes.",,
R0366,Geometry Dash,https://store.steampowered.com/app/322170,attribute,Player versus environment,"Players face computer-controlled opposition, alone or together.",,
R0367,Geometry Dash,https://store.steampowered.com/app/322170,attribute,Mods or player-made content,"Players can create, share or install mods, levels or other user-generated content.",,
R0368,Geometry Dash,https://store.steampowered.com/app/322170,attribute,Family friendly,Suitable for children and family play.,,
R0369,Geometry Dash,https://store.steampowered.com/app/322170,attribute,Linear levels or stages,"Progression runs mainly through discrete, largely linear levels, stages or missions.",,
R0370,Geometry Dash,https://store.steampowered.com/app/322170,attribute,Non-human protagonist,"The main playable character is an animal, robot, creature or other non-human.",,
R0371,Geometry Dash,https://store.steampowered.com/app/322170,primary genre,Rhythm Game,"Inputs synchronized to beats, musical phrases, or rhythmic cues are the central challenge.",,
R0372,Geometry Dash,https://store.steampowered.com/app/322170,attribute,Dark atmospheric visuals,"Dim lighting, heavy shadow or a desaturated palette dominate.",,
R0373,Geometry Dash,https://store.steampowered.com/app/322170,attribute,Building and construction,"The player constructs structures, bases, rooms or environments.",,
R0374,Geometry Dash,https://store.steampowered.com/app/322170,attribute,Minimalist style,"Simplified, clean visuals with few elements and flat shapes.",,
R0375,Geometry Dash,https://store.steampowered.com/app/322170,attribute,Daily rewards or quests,Incentives for logging in or playing every day.,,
R0376,Geometry Dash,https://store.steampowered.com/app/322170,attribute,Minimal or no story,The game has little or no authored plot; play is not organised around a story.,,
R0377,Geometry Dash,https://store.steampowered.com/app/322170,attribute,Single-player mode,The game can be played by one person alone.,,
R0378,Geometry Dash,https://store.steampowered.com/app/322170,attribute,Rhythm gameplay,"Actions are timed to music, beats or audio cues as a core challenge.",,
R0379,Geometry Dash,https://store.steampowered.com/app/322170,attribute,Platformer gameplay,"Precise movement across platforms, gaps, hazards, or traversal challenges centered on jumping and spatial movement forms a substantial part of the core gameplay.",,
R0380,PUBG: BATTLEGROUNDS,https://store.steampowered.com/app/578080,attribute,Strategy gameplay,"Planning, positioning, resource allocation or tactical decisions are a substantial part of play.",,
R0381,PUBG: BATTLEGROUNDS,https://store.steampowered.com/app/578080,attribute,Multiplayer,The game includes a mode in which multiple human players participate in the same gameplay session or shared play experience.,,
R0382,PUBG: BATTLEGROUNDS,https://store.steampowered.com/app/578080,primary genre,Battle Royale,Many competitors enter a shared match whose central goal is to be the last survivor or team.,,
R0383,PUBG: BATTLEGROUNDS,https://store.steampowered.com/app/578080,attribute,Action gameplay,"Reflexes, timing and real-time execution are a substantial part of the challenge.",,
R0384,PUBG: BATTLEGROUNDS,https://store.steampowered.com/app/578080,attribute,Epic scale,"A grand, large-scale adventure or conflict with high stakes.",,
R0385,PUBG: BATTLEGROUNDS,https://store.steampowered.com/app/578080,attribute,3D graphics,Gameplay is rendered primarily with three-dimensional graphics.,,
R0386,PUBG: BATTLEGROUNDS,https://store.steampowered.com/app/578080,attribute,Online multiplayer,Players can play together over the internet.,,
R0387,PUBG: BATTLEGROUNDS,https://store.steampowered.com/app/578080,attribute,Massively multiplayer,Large numbers of players share the same world or servers at once.,,
R0388,PUBG: BATTLEGROUNDS,https://store.steampowered.com/app/578080,attribute,In-game purchases,"Players can spend real money inside the game on currency, items or content.",,
R0389,PUBG: BATTLEGROUNDS,https://store.steampowered.com/app/578080,attribute,Drivable vehicles,"The player drives, rides or pilots vehicles, mounts or craft.",,
R0390,PUBG: BATTLEGROUNDS,https://store.steampowered.com/app/578080,attribute,Real-time combat,"Combat actions and enemy behavior unfold continuously in real time and require active timing, movement, aiming, or immediate input during encounters.",,
R0391,PUBG: BATTLEGROUNDS,https://store.steampowered.com/app/578080,attribute,Crafting,"The player can intentionally create items, equipment, consumables, structures, or upgrades by combining or transforming resources/components through a game system.",,
R0392,PUBG: BATTLEGROUNDS,https://store.steampowered.com/app/578080,attribute,Battle pass,A seasonal progression track with tiered rewards.,,
R0393,PUBG: BATTLEGROUNDS,https://store.steampowered.com/app/578080,attribute,Female protagonist,A female lead character is the main or default protagonist.,,
R0394,PUBG: BATTLEGROUNDS,https://store.steampowered.com/app/578080,attribute,Realistic visual style,"Gameplay rendering primarily pursues physically plausible proportions, materials, lighting, environments, and character depiction rather than overt abstraction or cartoon stylization.",,
R0395,PUBG: BATTLEGROUNDS,https://store.steampowered.com/app/578080,attribute,Exploration gameplay,Discovering and traversing unknown places is a primary motivation of play.,,
R0396,Valheim,https://store.steampowered.com/app/892970,attribute,Online multiplayer,Players can play together over the internet.,,
R0397,Valheim,https://store.steampowered.com/app/892970,attribute,Subtitle options,Subtitles or captions are available.,,
R0398,Valheim,https://store.steampowered.com/app/892970,attribute,Single-player mode,The game can be played by one person alone.,,
R0399,Valheim,https://store.steampowered.com/app/892970,attribute,Crafting,"The player can intentionally create items, equipment, consumables, structures, or upgrades by combining or transforming resources/components through a game system.",,
R0400,Valheim,https://store.steampowered.com/app/892970,attribute,Drivable vehicles,"The player drives, rides or pilots vehicles, mounts or craft.",,
R0401,Valheim,https://store.steampowered.com/app/892970,attribute,Third-person gameplay perspective,"The primary gameplay camera shows the controlled character from an external camera, commonly behind, above, or around the character.",,
R0402,Valheim,https://store.steampowered.com/app/892970,attribute,Difficulty options,The player can choose or adjust difficulty.,,
R0403,Valheim,https://store.steampowered.com/app/892970,attribute,Controller support,The game can be played with a gamepad or controller.,,
R0404,Valheim,https://store.steampowered.com/app/892970,attribute,Ranged combat,"The player directly attacks targets at range using projectiles, firearms, bows, spells, thrown weapons, or equivalent ranged actions.",,
R0405,Valheim,https://store.steampowered.com/app/892970,attribute,Base or settlement building,"The player builds and maintains a persistent home base, camp or settlement.",,
R0406,Valheim,https://store.steampowered.com/app/892970,primary genre,Open World Survival Craft,Open-ended world exploration combines ongoing survival pressures with gathering and construction.,,
R0407,Valheim,https://store.steampowered.com/app/892970,primary genre,Survival,Maintaining existence against environmental or resource pressures is the main progression loop.,,
R0408,Valheim,https://store.steampowered.com/app/892970,attribute,Stylized visual presentation,"Gameplay visuals intentionally depart from photorealism through exaggerated shape language, color, proportion, materials, or illustration-like rendering.",,
R0409,Valheim,https://store.steampowered.com/app/892970,attribute,Realistic visual style,"Gameplay rendering primarily pursues physically plausible proportions, materials, lighting, environments, and character depiction rather than overt abstraction or cartoon stylization.",,
R0410,Valheim,https://store.steampowered.com/app/892970,attribute,Survival against the odds,Enduring a desperate situation is a central narrative theme.,,
R0411,Valheim,https://store.steampowered.com/app/892970,attribute,Cloud saves,Save data can sync through an online service.,,
R0412,Valheim,https://store.steampowered.com/app/892970,attribute,Action gameplay,"Reflexes, timing and real-time execution are a substantial part of the challenge.",,
R0413,NARAKA: BLADEPOINT,https://store.steampowered.com/app/1203220,attribute,Online multiplayer,Players can play together over the internet.,,
R0414,NARAKA: BLADEPOINT,https://store.steampowered.com/app/1203220,attribute,Daily rewards or quests,Incentives for logging in or playing every day.,,
R0415,NARAKA: BLADEPOINT,https://store.steampowered.com/app/1203220,attribute,Ranged combat,"The player directly attacks targets at range using projectiles, firearms, bows, spells, thrown weapons, or equivalent ranged actions.",,
R0416,NARAKA: BLADEPOINT,https://store.steampowered.com/app/1203220,attribute,Stylized visual presentation,"Gameplay visuals intentionally depart from photorealism through exaggerated shape language, color, proportion, materials, or illustration-like rendering.",,
R0417,NARAKA: BLADEPOINT,https://store.steampowered.com/app/1203220,attribute,Guilds or clans,Players can form persistent groups with shared goals or rewards.,,
R0418,NARAKA: BLADEPOINT,https://store.steampowered.com/app/1203220,attribute,Multiple playable characters,"Several distinct characters can be played, by switching or across the story.",,
R0419,NARAKA: BLADEPOINT,https://store.steampowered.com/app/1203220,primary genre,Battle Royale,Many competitors enter a shared match whose central goal is to be the last survivor or team.,,
R0420,NARAKA: BLADEPOINT,https://store.steampowered.com/app/1203220,attribute,Survival against the odds,Enduring a desperate situation is a central narrative theme.,,
R0421,NARAKA: BLADEPOINT,https://store.steampowered.com/app/1203220,attribute,Combo system,"Chaining attacks or actions in sequence gives extra damage, score or effects.",,
R0422,NARAKA: BLADEPOINT,https://store.steampowered.com/app/1203220,attribute,Experience and levels,The player character or units gain experience points and levels that increase capability.,,
R0423,NARAKA: BLADEPOINT,https://store.steampowered.com/app/1203220,attribute,Fighting gameplay,"Direct one-on-one or small-group duels with move sets, combos and special attacks.",,
R0424,NARAKA: BLADEPOINT,https://store.steampowered.com/app/1203220,attribute,Wilderness,"Much of the game takes place in untamed nature such as forests, mountains or islands.",,
R0425,NARAKA: BLADEPOINT,https://store.steampowered.com/app/1203220,attribute,Exploration gameplay,Discovering and traversing unknown places is a primary motivation of play.,,
R0426,NARAKA: BLADEPOINT,https://store.steampowered.com/app/1203220,attribute,Battle pass,A seasonal progression track with tiered rewards.,,
R0427,NARAKA: BLADEPOINT,https://store.steampowered.com/app/1203220,attribute,Vibrant colours,"A saturated, colourful palette dominates.",,
R0428,NARAKA: BLADEPOINT,https://store.steampowered.com/app/1203220,attribute,Mature content,"Intended for adults because of violence, sexual content, language or disturbing themes.",,
R0429,Rust,https://store.steampowered.com/app/252490,attribute,Premium purchase,A one-time purchase is required to play.,,
R0430,Rust,https://store.steampowered.com/app/252490,attribute,Equipment and loadouts,"Gear, weapons or loadouts the player equips change stats or play style.",,
R0431,Rust,https://store.steampowered.com/app/252490,attribute,Quests and missions,"The player takes on structured objectives such as quests, missions or contracts.",,
R0432,Rust,https://store.steampowered.com/app/252490,attribute,Strategy gameplay,"Planning, positioning, resource allocation or tactical decisions are a substantial part of play.",,
R0433,Rust,https://store.steampowered.com/app/252490,attribute,Wilderness,"Much of the game takes place in untamed nature such as forests, mountains or islands.",,
R0434,Rust,https://store.steampowered.com/app/252490,attribute,Graphic violence,"Violence is depicted graphically, for example with blood or gore.",,
R0435,Rust,https://store.steampowered.com/app/252490,attribute,Upgrade system,"The player improves weapons, abilities, vehicles, buildings or equipment over time.",,
R0436,Rust,https://store.steampowered.com/app/252490,attribute,Dark or grim tone,"A bleak, grim or mature atmosphere dominates.",,
R0437,Rust,https://store.steampowered.com/app/252490,attribute,Drivable vehicles,"The player drives, rides or pilots vehicles, mounts or craft.",,
R0438,Rust,https://store.steampowered.com/app/252490,attribute,Live events,"Limited-time events, seasons or rotating content with exclusive rewards.",,
R0439,Rust,https://store.steampowered.com/app/252490,primary genre,Open World Survival Craft,Open-ended world exploration combines ongoing survival pressures with gathering and construction.,,
R0440,Rust,https://store.steampowered.com/app/252490,attribute,Online multiplayer,Players can play together over the internet.,,
R0441,Rust,https://store.steampowered.com/app/252490,attribute,First-person gameplay perspective,The player's primary gameplay camera represents the controlled character's eye-level point of view rather than showing the controlled body from outside.,,
R0442,Rust,https://store.steampowered.com/app/252490,attribute,Base or settlement building,"The player builds and maintains a persistent home base, camp or settlement.",,
R0443,Rust,https://store.steampowered.com/app/252490,attribute,Real-time combat,"Combat actions and enemy behavior unfold continuously in real time and require active timing, movement, aiming, or immediate input during encounters.",,
R0444,Rust,https://store.steampowered.com/app/252490,attribute,Guilds or clans,Players can form persistent groups with shared goals or rewards.,,
R0445,Baldur's Gate 3,https://store.steampowered.com/app/1086940,attribute,Role-playing gameplay,"Character progression, stats, equipment/build choices, abilities, or role-playing systems materially shape player power and play style over time.",,
R0446,Baldur's Gate 3,https://store.steampowered.com/app/1086940,attribute,Vibrant colours,"A saturated, colourful palette dominates.",,
R0447,Baldur's Gate 3,https://store.steampowered.com/app/1086940,attribute,Spectating or streaming features,"Built-in spectator, replay-sharing or streaming features.",,
R0448,Baldur's Gate 3,https://store.steampowered.com/app/1086940,attribute,Suspense and tension,"Sustained tension, danger and high stakes drive the experience.",,
R0449,Baldur's Gate 3,https://store.steampowered.com/app/1086940,attribute,Experience and levels,The player character or units gain experience points and levels that increase capability.,,
R0450,Baldur's Gate 3,https://store.steampowered.com/app/1086940,attribute,Stylized visual presentation,"Gameplay visuals intentionally depart from photorealism through exaggerated shape language, color, proportion, materials, or illustration-like rendering.",,
R0451,Baldur's Gate 3,https://store.steampowered.com/app/1086940,primary genre,Tactical RPG,Persistent role-playing characters develop through position-sensitive tactical battles.,,
R0452,Baldur's Gate 3,https://store.steampowered.com/app/1086940,attribute,Difficulty options,The player can choose or adjust difficulty.,,
R0453,Baldur's Gate 3,https://store.steampowered.com/app/1086940,attribute,Quests and missions,"The player takes on structured objectives such as quests, missions or contracts.",,
R0454,Baldur's Gate 3,https://store.steampowered.com/app/1086940,attribute,Emotional drama,Character-focused storytelling aimed at emotional impact.,,
R0455,Baldur's Gate 3,https://store.steampowered.com/app/1086940,attribute,3D graphics,Gameplay is rendered primarily with three-dimensional graphics.,,
R0456,Baldur's Gate 3,https://store.steampowered.com/app/1086940,attribute,Subtitle options,Subtitles or captions are available.,,
R0457,Baldur's Gate 3,https://store.steampowered.com/app/1086940,primary genre,Turn-Based RPG,Role-playing progression is organized around explicitly sequenced combat turns.,,
R0458,Baldur's Gate 3,https://store.steampowered.com/app/1086940,attribute,Player versus environment,"Players face computer-controlled opposition, alone or together.",,
R0459,Baldur's Gate 3,https://store.steampowered.com/app/1086940,attribute,Urban environments,Much of the game takes place in cities or metropolitan environments.,,
R0460,Baldur's Gate 3,https://store.steampowered.com/app/1086940,attribute,Control remapping,Controls can be remapped or customised.,,
R0461,Baldur's Gate 3,https://store.steampowered.com/app/1086940,attribute,Non-human protagonist,"The main playable character is an animal, robot, creature or other non-human.",,
R0462,Delta Force,https://store.steampowered.com/app/2507950,attribute,In-game economy and trading,"The player buys, sells or trades using an in-game currency or market.",,
R0463,Delta Force,https://store.steampowered.com/app/2507950,attribute,Real-time combat,"Combat actions and enemy behavior unfold continuously in real time and require active timing, movement, aiming, or immediate input during encounters.",,
R0464,Delta Force,https://store.steampowered.com/app/2507950,attribute,Epic scale,"A grand, large-scale adventure or conflict with high stakes.",,
R0465,Delta Force,https://store.steampowered.com/app/2507950,attribute,Base or settlement building,"The player builds and maintains a persistent home base, camp or settlement.",,
R0466,Delta Force,https://store.steampowered.com/app/2507950,attribute,Upgrade system,"The player improves weapons, abilities, vehicles, buildings or equipment over time.",,
R0467,Delta Force,https://store.steampowered.com/app/2507950,attribute,Boss battles,Climactic encounters against powerful unique enemies.,,
R0468,Delta Force,https://store.steampowered.com/app/2507950,primary genre,First-Person Shooter,Gunplay primarily viewed through the controlled character's eyes.,,
R0469,Delta Force,https://store.steampowered.com/app/2507950,attribute,Player-to-player trading,Players can exchange items or currency with each other.,,
R0470,Delta Force,https://store.steampowered.com/app/2507950,attribute,Online multiplayer,Players can play together over the internet.,,
R0471,Delta Force,https://store.steampowered.com/app/2507950,primary genre,Extraction Shooter,Armed raids revolve around acquiring valuables and surviving an extraction.,,
R0472,Delta Force,https://store.steampowered.com/app/2507950,attribute,Collecting,"Gathering and cataloguing sets of items, creatures, cards or collectibles is a meaningful goal.",,
R0473,Delta Force,https://store.steampowered.com/app/2507950,attribute,Player-created protagonist,"The player creates their own protagonist, choosing appearance or attributes.",,
R0474,Delta Force,https://store.steampowered.com/app/2507950,attribute,In-game purchases,"Players can spend real money inside the game on currency, items or content.",,
R0475,Delta Force,https://store.steampowered.com/app/2507950,attribute,Experience and levels,The player character or units gain experience points and levels that increase capability.,,
R0476,Delta Force,https://store.steampowered.com/app/2507950,attribute,Ranged combat,"The player directly attacks targets at range using projectiles, firearms, bows, spells, thrown weapons, or equivalent ranged actions.",,
R0477,Delta Force,https://store.steampowered.com/app/2507950,attribute,Achievements,Milestone rewards or trophies for completing specific challenges.,,
R0478,Delta Force,https://store.steampowered.com/app/2507950,attribute,Shooter gameplay,A substantial part of the core gameplay loop centers on player-directed ranged weapon aiming/firing or projectile combat.,,
R0479,Apex Legends™,https://store.steampowered.com/app/1172470,attribute,Action gameplay,"Reflexes, timing and real-time execution are a substantial part of the challenge.",,
R0480,Apex Legends™,https://store.steampowered.com/app/1172470,attribute,Fighting gameplay,"Direct one-on-one or small-group duels with move sets, combos and special attacks.",,
R0481,Apex Legends™,https://store.steampowered.com/app/1172470,attribute,Gacha or loot boxes,"Randomised reward draws such as gacha pulls or loot boxes, often purchasable.",,
R0482,Apex Legends™,https://store.steampowered.com/app/1172470,primary genre,Battle Royale,Many competitors enter a shared match whose central goal is to be the last survivor or team.,,
R0483,Apex Legends™,https://store.steampowered.com/app/1172470,attribute,Adventure gameplay,"Exploring places, meeting characters and progressing a story or quest structure is a substantial part of play.",,
R0484,Apex Legends™,https://store.steampowered.com/app/1172470,attribute,Shooter gameplay,A substantial part of the core gameplay loop centers on player-directed ranged weapon aiming/firing or projectile combat.,,
R0485,Apex Legends™,https://store.steampowered.com/app/1172470,attribute,Touch controls,The game is designed to be played with touch input.,,
R0486,Apex Legends™,https://store.steampowered.com/app/1172470,attribute,Daily rewards or quests,Incentives for logging in or playing every day.,,
R0487,Apex Legends™,https://store.steampowered.com/app/1172470,attribute,Real-time combat,"Combat actions and enemy behavior unfold continuously in real time and require active timing, movement, aiming, or immediate input during encounters.",,
R0488,Apex Legends™,https://store.steampowered.com/app/1172470,attribute,In-game economy and trading,"The player buys, sells or trades using an in-game currency or market.",,
R0489,Apex Legends™,https://store.steampowered.com/app/1172470,attribute,Online multiplayer,Players can play together over the internet.,,
R0490,Apex Legends™,https://store.steampowered.com/app/1172470,attribute,Procedural generation,"Meaningful game content such as levels, maps, encounters, worlds, or layouts is algorithmically generated or regenerated rather than entirely authored as a fixed layout.",,
R0491,Apex Legends™,https://store.steampowered.com/app/1172470,attribute,Non-human protagonist,"The main playable character is an animal, robot, creature or other non-human.",,
R0492,Apex Legends™,https://store.steampowered.com/app/1172470,attribute,Wilderness,"Much of the game takes place in untamed nature such as forests, mountains or islands.",,
R0493,Apex Legends™,https://store.steampowered.com/app/1172470,attribute,Stylized visual presentation,"Gameplay visuals intentionally depart from photorealism through exaggerated shape language, color, proportion, materials, or illustration-like rendering.",,
R0494,Apex Legends™,https://store.steampowered.com/app/1172470,attribute,3D graphics,Gameplay is rendered primarily with three-dimensional graphics.,,
